<?xml version="1.0" encoding="UTF-8"?>
<!DOCTYPE mapper PUBLIC "-//mybatis.org//DTD Mapper 3.0//EN" 
	"http://mybatis.org/dtd/mybatis-3-mapper.dtd">

<mapper namespace="com.ssafy.model.mapper.MemberMapper">
	<resultMap type="Member" id="member">
		<result column="id" property="id" />
		<result column="name" property="name" />
		<result column="password" property="password" />
		<result column="join_date" property="joinDate" />
	</resultMap>

	<insert id="join" parameterType="Member">
		insert into members (id, name,
		password, join_date)
		values (#{id}, #{name}, #{password}, #{joinDate})
	</insert>

	<select id="login" parameterType="map" resultMap="member">
		select *
		from members
		where id = #{id} and password=#{password}
	</select>
	
</mapper>