<?xml version="1.0" encoding="UTF-8" ?>
<!DOCTYPE mapper PUBLIC "-//mybatis.org//DTD Mapper 3.0//EN" 
	"http://mybatis.org/dtd/mybatis-3-mapper.dtd">

<mapper namespace="com.ssafy.book.model.dao.BookDao">

	<resultMap type="bookDto" id="book">
		<result column="isbn" property="isbn"/>
		<result column="title" property="title"/>
		<result column="author" property="author"/>
		<result column="price" property="price"/>
		<result column="description" property="description"/>
		<result column="img" property="img"/>
	</resultMap>
	
	<!-- 도서 등록 -->
	<insert id="register" parameterType="bookDto">
		insert into book (isbn, title, author, price, description, img) 
		values(#{isbn}, #{title}, #{author}, #{price}, #{description}, #{img})
	</insert>
	
	<!-- 도서 목록 조회 -->
	<select id="list" resultMap="book">
		select * from book
	</select>
	
	<!-- 도서 상세 조회 -->
	<select id="view" parameterType="String" resultMap="book">
		select * from book where isbn= #{isbn};
	</select>
	
	<!-- 도서 수정 -->
	<update id="modify" parameterType="bookDto">
		update book
		set title=#{title}, author=#{author},price=#{price},description=#{description},img=#{img}
		where isbn=#{isbn}
	</update>

	
	<!-- 도서 삭제 -->
	<delete id="delete" parameterType="String">
		delete from book
		where isbn=#{isbn}
	</delete>

</mapper>