<?xml version="1.0" encoding="UTF-8" ?>
<!DOCTYPE configuration PUBLIC "-//mybatis.org//DTD Config 3.0//EN"
"http://mybatis.org/dtd/mybatis-3-config.dtd">

<configuration>

	<properties resource="mapper/dbinfo.properties"/>

	<typeAliases>
		<typeAlias type="com.ssafy.book.model.BookDto" alias="bookDto" />
		<typeAlias type="com.ssafy.member.model.MemberDto" alias="memberDto" />
	</typeAliases>
	
	<environments default="development">
        <environment id="development">
            <transactionManager type="JDBC"/>
            <dataSource type="POOLED">
                <property name="driver" value="${driver}"/>
                <property name="url" value="${url}"/>
                <property name="username" value="${dbid}"/>
                <property name="password" value="${dbpwd}"/>
            </dataSource>
        </environment>
    </environments>

    
    <mappers>
		<mapper resource="mapper/member.xml" />
		<mapper resource="mapper/book.xml" />
	</mappers>
	
</configuration>
